Plot_ID,Soil_Moisture_W1,Soil_Moisture_W2,Soil_Moisture_W3,Soil_Moisture_W4,Rainfall_W1,Rainfall_W2,Rainfall_W3,Rainfall_W4,Temperature_W1,Temperature_W2,Temperature_W3,Temperature_W4,Yield_Tons_per_Hectare
P01,41.72841130430048,50.29423386586549,40.65475104364243,45.31533829221332,30.210880667212134,41.55890805524831,33.09951946355715,60.80319615433123,33.31845277852658,28.20053978389358,29.129245349151304,28.364914387332902,8.38
P02,66.32010350743026,76.05977239925076,68.67534564256985,70.66826467536826,26.40831688510466,24.32604914344307,21.85226499706753,31.550664574113664,26.118283716823075,25.608426556970727,24.332930711265757,23.36109672356396,8.4
P03,56.021224611309215,60.16970706455453,60.316185089822355,67.59734375930455,50.23381593872913,47.465190103354864,31.20127378577624,33.52606736367125,24.551516541204965,25.431885231952172,26.36549605560177,25.893071312439982,9.2
P04,62.957730290426156,,52.68495302177337,52.042017785711685,34.820270021207705,24.38642290754482,39.633796635996546,23.03875128043371,22.030060929557713,21.999240203680337,23.724006727020008,22.169300190125895,6.03
P05,35.923259494007795,39.29892574293564,38.184317059367416,41.62804529071811,50.69950669736618,37.746999290529175,35.643812651694674,42.78233201075905,22.271390719288878,24.659480795250396,24.99305929455476,24.62060829975663,5.91
P06,30.701226168668605,34.26418204042248,41.0100350975208,47.02549458486025,34.77080944356829,33.37053404381479,37.18532011936536,41.207214948753716,25.79216214150174,26.559255024008134,24.930685298716174,24.838592625816464,6.37
P07,36.18606904724392,35.38032251427005,44.504273992780625,28.535928313921836,20.000679483091375,27.582981560380237,30.694792163678212,39.332481629210314,23.534203315092697,22.2559269649208,23.91044564478923,25.26366611453567,5.58
P08,58.29282758114229,73.58722866332724,68.2699348951566,69.82021512365893,25.33266100110639,,19.82987455938196,25.91654694261951,21.80716761037676,24.559027073145412,23.192741340866032,24.26544975121523,7.76
P09,54.83891844475213,55.11547027417859,58.08235242334217,59.59401444097047,20.346566125048696,24.152477075763397,15.794582168782675,22.96045318885031,23.18052080196587,23.158049577381224,24.637955839235023,25.538278761866465,4.87
P10,48.274552492442936,67.39612139091184,60.700673533010985,66.48201747072837,45.578838055212266,30.197210819340068,41.13703826721879,38.084381200360774,25.632841707234377,27.945847048324953,26.55763063914616,26.432985953897884,9.07
P11,23.93244952733994,18.97465425138337,23.979523695336887,28.888626217441683,23.727628572372144,15.829660316381345,23.856509350727332,24.45629524941633,27.219001754753727,23.78844064649261,25.262688203307112,24.479178556241415,4.47
P12,69.5307002658254,74.15590660835589,71.4138247092337,105.0,17.244408448481263,15.771327647535063,7.410374241266576,19.816934057060138,27.51272440916191,23.75159380850235,29.18398986753629,24.908159547332448,6.42
P13,66.74003853199392,64.98294097320773,66.348856681722,70.15741346010137,35.178150183221796,28.187734823042334,24.372702997564595,44.19094753393277,27.51959373985045,25.252196024657287,28.750330022498083,26.908744873587157,7.1
P14,39.1004058330809,38.24852767480171,53.55977498955748,44.22848779329698,22.16507850408609,17.33007599366491,23.04769908793402,11.279769556374607,31.285475252110327,29.280872382990225,28.757120512629314,29.74177414792708,4.03
P15,36.44475727634283,38.98180257096154,39.06119386437842,42.77546294001341,44.98069266464994,55.72541606206364,36.391189643183814,34.903303112578755,23.462124889276556,23.717420760979962,25.035508749599412,24.413593321873382,7.39
P16,35.580661916190905,28.64833582113289,41.59391710580541,43.31842144162223,44.967774494548216,43.50698314725075,54.73514150363258,28.088972820961956,28.988895708321813,28.928650315035213,29.62338806795121,28.90366213633271,6.83
P17,34.52707976654437,42.321330279193944,44.746130869855286,43.01956611048905,44.45624622395877,37.337440466355474,55.079768453058946,28.515364090519853,30.783477213595692,29.545132947706495,25.797729156169176,29.868551793566095,5.93
P18,47.14103622331597,54.025820122848245,47.89686707719186,56.40152575109453,26.526378397954172,31.1699090400804,14.991390082220606,33.07876055786584,24.490305348698367,21.409703200363303,22.324510289866777,25.633724289866777,5.12
P19,44.724606890885696,55.91727096939221,55.74191481825973,52.99316311217804,24.223483704713047,16.708481652551495,13.648594006063737,22.500536533019023,29.410063000903953,30.76969589885475,28.243098927524798,31.441016481474175,5.51
P20,46.68477673901625,40.307814516553435,48.15883077135555,42.327408517789834,38.892442084086,45.97116459284587,-4.0,54.921717969510986,31.021377455469267,29.59242892511888,30.795732727128488,33.91536574236761,8.34
P21,55.94220723673748,51.68164777442924,61.17927552411041,68.05298834461895,19.205309670449306,38.87635980782089,32.98624768310309,41.085928527777824,22.32383608395511,22.63713108777075,23.575487369559145,22.466396759948772,6.61
P22,26.514553649268002,34.320969208158985,33.782817152107974,42.19891903064061,35.4115997439555,39.699674889297214,35.96565506802534,38.66032683982299,23.555979209974762,25.55825697316781,27.83891107051023,23.74938224868885,5.13
P23,43.0562057883827,47.51279652991909,51.44975749608922,39.979268455395484,53.188525583258595,57.72857878329299,47.6499386069699,43.01668345319694,31.55246008468185,29.051232806740018,30.71350984140738,27.76560316967156,7.48
P24,42.47906232966609,47.548229280046094,40.39521841778627,52.18724177491682,31.863027524290974,48.03411007533596,47.915744411149014,50.029604744338684,32.407520510111105,29.19595945153117,29.427596473120516,31.82879924953778,6.82
P25,44.608189367151645,46.843998349846245,53.92708483768279,47.61939101754483,15.690300998850836,19.27273716537374,20.585639873704157,28.701249302922612,22.702694570860597,26.06949910710761,25.82185609338761,25.57680109338761,3.81
P26,64.21541989992488,65.22337562128733,75.10931658477044,69.59246147443281,23.74355874726574,17.684944349662796,26.905774600464117,20.88583910656836,25.672300841397192,24.076495292697984,21.788554477419353,24.806325370755754,6.84
P27,42.89194889881414,39.72233903307459,35.78426966068095,48.02992918137141,38.96084061987852,29.685058210058358,33.07646059989336,29.68115810942195,25.42334932835188,27.504217882013638,26.66410930647443,26.726205001970186,6.27
P28,54.975778132125455,56.66260248920891,50.487888888530605,50.715965944785914,21.419462017284147,18.336547176914713,17.50305259313229,17.20635908449676,65.0,25.779117270198526,28.439918138160944,25.785022200501466,6.59
P29,49.25049513836851,51.43631728509494,56.9448395799199,62.7634634007033,14.756184708969865,10.453229287501465,23.049545822865838,18.526330556528947,27.734941449838246,29.306018792854058,26.494272199680886,31.98834571523622,7.3
P30,30.061954629543834,31.469705775811065,32.090638238218915,38.1719211434824,24.493001216349462,42.0900137057249,38.84641298510607,34.93238437710482,25.11063567857621,28.33841882504901,27.921478416617653,26.50113241089327,6.98
P31,55.70811123307535,53.591253310396745,49.29847692072687,62.66209487602998,46.559705813879425,26.425491411555623,43.56221875076726,36.068676888992684,27.23074272432109,23.702510145020124,27.63670741569051,27.31596515764518,7.38
P32,41.448690583103456,30.753390206831067,39.9137798215218,50.5549298607614,31.178425377436465,25.662778241630754,40.995495423746426,34.43664123777342,28.563908280228357,28.61158508554514,29.145835363742687,30.743311716661978,5.41
P33,29.95619253018473,35.332665104734055,30.040545150780652,35.62512313939683,10.450210762536505,41.933976124339054,19.514748347826206,30.859603322355937,23.708788382107155,24.13804980406814,24.21604343856418,24.00356175021523,7.07
P34,66.77712660681425,70.51069785103277,73.07338364330924,68.43674066834589,12.38495945257998,14.526826620731537,18.146132975767365,10.561239759398564,25.201599145867398,24.987668958635997,28.45090250002234,25.585370133086972,6.65
P35,62.84360645295223,69.90084860619469,66.77816015181335,68.42770917485475,36.44201426941282,40.847521689347744,16.840653516068173,23.936221505834048,29.085619007347997,29.9397504956808,29.674759030042864,28.313482035337532,7.44
P36,56.1048608042551,62.41295825778271,72.83556594974615,62.50684249983126,30.61743321805155,39.93186920206811,49.86449057991027,51.92086183917528,29.786272412326557,30.211282277782644,31.404370360005263,31.71691723917519,7.87
